title,url,thumbnail_url,channel,description
"Kizz Daniel, EMPIRE - Cough (Official Video)",https://www.youtube.com/watch?v=4j7Fa2PCMow,https://i.ytimg.com/vi/4j7Fa2PCMow/hqdefault.jpg?sqp=-oaymwEcCPYBEIoBSFXyq4qpAw4IARUAAIhCGAFwAcABBg==&rs=AOn4CLDth_S2I-cIGCy1mPVkjMf_Jv5E1w,Kizz Daniel,"Listen to the single ‚ÄúCough"". Out Now! Stream: https://music.empi.re/cough #KizzDaniel #Cough  #EMPIRE Official Video by Kizz Daniel & EMPIRE - Cough ¬© 2022 EMPIRE"
Enzo Ishall - Iyoyo (Official Visualizer),https://www.youtube.com/watch?v=E66uYcPDsiU,,Enzo Ishall,Single Available on all digital stores Visualizer done by: Mwale Art Prod by: Cymplex Music Connect With Enzo: Instagram: https://instagram.com/enzoishall/ Facebook: https://facebook.com/enzois...
Kae Chaps - Mota Inomhanya (Official Video),https://www.youtube.com/watch?v=yLPPEPFoc2o,,KaeChapsVEVO,Mota Inomhanya (Official Video) Video By; Mitch Uta Starring: Voltz JT & Lynn Blacq Track 5 - #MotaInomhanya Prod. Marty Beats Engineer: Futronic Follow Kae Chaps on: http://Instagram.com/kae_c...
AFRICAN HOME: PRODIGAL SON (PART 2),https://www.youtube.com/watch?v=qhYVqlQmSoU,,SamSpedy,"In This Episode, Ojo Mismanaged His Inherence And Has To Pay For His Mistakes. Will He Go Back Home? Find Out! SECOND CHANNEL - https://www.youtube.com/channel/UCEuMxZxgHqrVXzwd5julx8Q Follow..."
Would You Fly To Paris For A Baguette?,https://www.youtube.com/shorts/se50viFJ0AQ,,MrBeast,New Merch - https://shopmrbeast.com/ SUBSCRIBE OR I TAKE YOUR DOG ‚ïî‚ïê‚ï¶‚ïó‚ïî‚ï¶‚ïó‚ïî‚ïê‚ï¶‚ïê‚ï¶‚ï¶‚ï¶‚ï¶‚ïó‚ïî‚ïê‚ïó ‚ïë‚ïö‚ï£‚ïë‚ïë‚ïë‚ïö‚ï£‚ïö‚ï£‚ïî‚ï£‚ïî‚ï£‚ïë‚ïö‚ï£‚ïê‚ï£ ‚ï†‚ïó‚ïë‚ïö...
Lionel Messi and Argentina celebrate after advancing to 2022 World Cup Final,https://www.youtube.com/watch?v=Rme5ehScZVo,,FOX Soccer,Lionel Messi and Argentina celebrate after defeating Croatia 3-0 in the Semifinals and advancing to the World Cup Final.  #FOXSoccer #FIFAWorldCup #Argentina SUBSCRIBE to get the latest...
Kendrick Lamar - Count Me Out,https://www.youtube.com/watch?v=5GhhVHpPR_M,,Kendrick Lamar,"Kendrick Lamar ‚ÄúCount Me Out‚Äù Directed by Dave Free & Kendrick Lamar Production Company: pgLang / project3 Executive Producers: Kendrick Lamar, Dave Free Producers: Jason Baum, Jamie..."
Argentina and Lionel Messi are crowned World Cup champions,https://www.youtube.com/watch?v=IGjE_zgs2Hw,,CTV News,Argentina hoist the World Cup trophy after defeating France for their first championship in 36 years. Subscribe to CTV News to watch more videos: https://www.youtube.com/ctvnews Connect with...
FIFA World Cup Qatar 2022: Will Messi's Argentina win against Mbappe's France in the final match?,https://www.youtube.com/watch?v=B5B5mXcQwWg,,WION,FIFA World Cup Qatar 2022 is in its final leg now. Football giants Argentina and France are looking to lift the World Cup. Will Messi's Argentina win against Mbappe's France in the final match?...
Makhadzi & Penny Penny - Milandu Bhe (Official Music Video),https://www.youtube.com/watch?v=FZkSvE0d6sE,,Openmic Productions,"Makhadzi teams up with the legendary Penny Penny, fondly known as Papa Penny. #MilanduBhe #makhadzi #pennypenny #papapenny"
WATCH LIVE: Argentina play France in the 2022 World Cup final,https://www.youtube.com/watch?v=7TJ8KkS26TA,,The Sun,LIVE: Argentina play France in the 2022 World Cup final France and Argentina fans start arriving at the Lusail Stadium in Qatar which will be the host stadium for the 2022 World Cup final....
AFRICAN HOME: THE PRODIGAL SON,https://www.youtube.com/watch?v=mZr4fOUpAPc,,SamSpedy,"In This Episode, Ojo Took His Inheritance From His Father, And Moved Out Of His Parents' Home. How Well Will He Survive Without His Parents? Find Out! SECOND CHANNEL - https://www.youtube.com/chan..."
Celebrations as World Cup winners Argentina return home ‚Äì BBC News,https://www.youtube.com/watch?v=MdYLmLoQRVE,,BBC News,"World Cup winners Argentina have been greeted by jubilant crowds at Buenos Aires airport and a bank holiday has been declared in the country. After beating France in Sunday's final, the team..."
Watch again: Fanzone coverage after Argentina win Qatar 2022 World Cup against France,https://www.youtube.com/watch?v=WJ8WFbdCHWM,,The Independent,Argentina won against France at Qatar 2022 World Cup final. Watch more from Independent TV: https://www.independent.co.uk/tv/editors-picks Click here to subscribe to The Independent: https://bit...
HIGHLIGHTS! KDB & HAALAND MAGIC LIGHTS UP GIRONA FRIENDLY! Man City 2-0 Girona | Friendly,https://www.youtube.com/watch?v=Z9Zir-e0PUs,,Man City,City continued our preparation for the return of domestic football with a fine 2-0 friendly win over Girona at the Academy Stadium. Kevin De Bruyne gave supporters a great homecoming gift...
"John Cena will team with Kevin Owens to battle Roman Reigns and Sami Zayn!: SmackDown, Dec. 16, 2022",https://www.youtube.com/watch?v=D3KXAy9P0j8,,WWE,"Roman Reigns makes a match featuring himself and Sami Zayn taking on Kevin Owens, but his plan backfires when John Cena reveals he will be teaming with The Prizefighter. Catch WWE action on..."
Ronaldinho Goals That SHOCKED The World,https://www.youtube.com/watch?v=PbdeHoDJZIE,,iLance7i,Ronaldinho Goals That SHOCKED The World Watch in this video Ronaldinho Gaucho goals that shocked the world. üéß: Cinematic Documentary Orchestra by Infraction Cinematic Trailer Action by...
"Oxlade, Camila Cabello - KU LO SA (Official Video)",https://www.youtube.com/watch?v=IcIkmPU9reU,,Oxlade,Listen to KU LO SA with Camila Cabello on streaming platforms: https://oxlade.lnk.to/kulosaremix Connect with Oxlade: ‚ñ∫Instagram: https://www.instagram.com/oxladeofficial ‚ñ∫Twitter: https://twi...
Central Cee - Let Go [Music Video],https://www.youtube.com/watch?v=BqucGvLxrEk,,Central Cee,"üéµ Stream ""Let Go"" https://cench.lnk.to/LET-GO"
3 Most Expensive Things Lionel Messi Owns,https://www.youtube.com/shorts/wDQhiRe22OU,,KickFlix,Follow Our Social Media: Tik Tok: @thekickflix Instagram: https://www.instagram.com/thekickflix/ Twitter: https://www.twitter.com/thekickflix/ Snapchat: thekickflix #short #LionelMessi #fifa
Zuma's grand entrance interrupts Ramaphosa's speech,https://www.youtube.com/watch?v=ntWkqhh3j_0,,TimesLIVE Video,President Cyril Ramaphosa struggled to make himself heard above former president Jacob Zuma‚Äôs supporters on Friday as the party‚Äôs 55th national elective conference finally got underway....
Phone Robbery Gone Wrong,https://www.youtube.com/shorts/poD2TXIez2E,,Ofentse Mwase Films,Phone Robery Goes Wrong. Gone WRONG Shorts Series. Website: https://www.omfilms.co.za üíª CREW Director: @Ofentse Mwase Producer: @Nelisiwe Mwase DOP: Bannz Version & Kgaogelo Hlahla...
Hydraulic Press Vs Lamborghini,https://www.youtube.com/watch?v=h5NvTTOlOtI,,MrBeast,Hello Neighbor 2 is out now on PC & Consoles! It's time to find out what your creepy Neighbors are hiding. https://bit.ly/HelloNeighbor2xMrBeast New Merch - https://shopmrbeast.com/ SUBSCRIBE...
‚ÄòLionel Messi is the BEST PLAYER EVER‚Äô Why Messi definitely eclipses Ronaldo and Maradona | ESPN FC,https://www.youtube.com/watch?v=vImm_Qv0NgE,,ESPN FC,The FC Daily team climb into the debate around the greatest players of all time after Lionel Messi guided Argentina to a thrilling World Cup final win vs. France. Ale Moreno lauds the legacy...
55th ANC National Conference Day 4 I Top 7 Results Announcement,https://www.youtube.com/watch?v=SqCW2oRSUTM,,SABC News,"Top 7 Results Announcement. For more news, visit sabcnews.com and also #SABCNews on all Social Media platforms."
"100 Kids Vs 100 Adults For $500,000",https://www.youtube.com/watch?v=0CTp1a-aCUM,,MrBeast,The new Nerf Pro Gelfire x MrBeast blaster is available for preorder HERE: https://bit.ly/MrBeastxNerf Burst into battle with the Nerf Pro Gelfire Mythic blaster - Available NOW: https://go.hasb.r...
"HIGHLIGHTS: Liverpool 4-1 AC Milan | Salah, Thiago & Darwin Nunez double",https://www.youtube.com/watch?v=ZJ55k-Z675w,,Liverpool FC,"Watch key highlights from Liverpool's Dubai Super Cup victory over Milan at the Al-Maktoum Stadium, including two superb assists from academy products Ben Doak and Bobby Clark. This video..."
Completing The Orange,https://www.youtube.com/shorts/IEu3yE1tKRg,,Surfnboy Shorts,Subscribe With Notis! #Surfnboy
Why Elon Musk ACTUALLY bought Twitter.,https://www.youtube.com/watch?v=cnNMo4u0L4M,,Mrwhosetheboss,"Twitter and Elon Musk Explained! If you have any more questions then drop them in the comments! I spend a LOT of time trying to make my videos as concise, polished and useful as possible for..."
"THE KARATE KLOWN(YawaSkits, Episode 170)",https://www.youtube.com/watch?v=Wb7y_-iZlW0,,YAWA SKITS,#kalistus #comedy #yawaskits Please subscribe to YAWA SKITS TV https://www.youtube.com/channel/UCGHt9n_lS15uxRuinnl_ddA YAWA SKITS Channel: http://goo.gl/WCKAvd Enjoy! Order YawaSkits T-Shirts:...
THE GREATEST FINAL EVER?! | Argentina v France | FIFA World Cup Qatar 2022 Highlights,https://www.youtube.com/watch?v=zhEWqfP6V_w,,FIFA,Watch highlights of Argentina v France's Final at the FIFA World Cup Qatar 2022. Get all the highlights from Qatar 2022 on FIFA+ üëâ https://goto.fifa.com/nxRf/a3c6b7ad Follow FIFA World...
"Lashley gets fired for attacking officials after controversial loss to Rollins: Raw, Dec. 12, 2022",https://www.youtube.com/watch?v=s8w_z-ZkIhE,,WWE,"Former United States Champions compete to earn a future title match against Austin Theory. Catch WWE action on Peacock, WWE Network, FOX, USA Network, Sony India and more. Stream WWE on Peacock..."
Transformers: Rise of the Beasts | Official Teaser Trailer (2023 Movie),https://www.youtube.com/watch?v=WWWDskI46Js,,Paramount Pictures,"Power is PRIMAL. Watch the new teaser trailer for #Transformers: #RiseOfTheBeasts, in theatres June 9, 2023. Returning to the action and spectacle that have captured moviegoers around the..."
$1000 Every Time I Laugh,https://www.youtube.com/watch?v=IwWtlreKO4s,,JJ Olatunji,ùêåùêÖ & ùêÉùêÄùêôùêç: ùêó ùêíùêÑùêëùêàùêÑùêí ùüéùüé4 https://misfitsboxing.com/ Music at the end: https://youtu.be/SaYKp0MPCa8 Send Clips to #KSIReacts Follow KSI: Discord:...
Pabi Cooper - Waga Bietjie (Official Video) [Ft. Mellow & Sleazy],https://www.youtube.com/watch?v=kEiRr2RMuhM,,Pabi Cooper,"Pabi Cooper presents the official video to Waga Bietjie, featuring Mellow & Sleazy. TO BE CONTINUED Pitori Super League (PSL) Available to stream / download: http://africori.to/cooperville.oyd..."
WATCH LIVE | Ramaphosa vs Mkhize: ANC announces its top 7 party leaders,https://www.youtube.com/watch?v=8SMAbnS-2d0,,News24,The ANC's 4 426 voting delegates will elect new party leaders on Sunday. Join News24 live as the results are announced. Cyril Ramaphosa and Zweli Mkhize face off for the party presidency....
FULL REACTION to the World Cup Final: Argentina vs. France was DRAMA GALORE! üî• | ESPN FC,https://www.youtube.com/watch?v=nMH4WPn9tec,,ESPN FC,"The ESPN FC panel talk in-depth about Lionel Messi finally winning the World Cup, as Argentina win in dramatic fashion over France in a penalty shootout. #ESPNFC #WorldCup #Argentina #Messi..."
Argentina DEFEATS France on penalties to WIN 2022 FIFA WORLD CUP [FULL GAME RECAP] | CBS Sports HQ,https://www.youtube.com/watch?v=r2_p9T1Aa4M,,CBS Sports HQ,Jonathan Johnson joins CBS Sports HQ to recap the 2022 FIFA World Cup Final match where Argentina defeated France to become Champions. SUBSCRIBE TO OUR CHANNEL: https://www.youtube.com/user/CBSSp...
Champions Chat: The Final üåü,https://www.youtube.com/watch?v=KOlVhBO9Rck,,B/R Football,Lionel Messi isn't keeping quiet after conquering the world üêêüó£Ô∏è
Marvel Studios‚Äô Guardians of the Galaxy Volume 3 | Official Trailer,https://www.youtube.com/watch?v=u3V5KDHRQvk,,Marvel Entertainment,"It‚Äôs time to face the music. Watch the brand-new trailer for Marvel Studios‚Äô Guardians of the Galaxy Volume 3 that just debuted at Brazil Comic Con. Only in theaters May 5, 2023. ‚ñ∫..."
New AMG SL 55 v Porsche 911 GTS v BMW M850i v Jag F-Type R: DRAG RACE,https://www.youtube.com/watch?v=aZs9ZfOu2b8,,carwow,Thanks to SCC Private Members Club for helping to source the Jag: https://www.instagram.com/sccprivatemembers/ .................................................................... We‚Äôve...
"Argentina v. France, 2022 World Cup Final Watchalong with Pro Soccer Talk | NBC Sports",https://www.youtube.com/watch?v=peVjp6uO4JY,,NBC Sports,"Join Pro Soccer Talk's Joe Prince-Wright, Nick Mendola and Andy Edwards as Argentina and France battle to see who will be crowned 2022 FIFA World Cup champion. ¬ª Subscribe to NBC Sports:..."
LIVE: World Cup Final Build-Up - Argentina v France,https://www.youtube.com/watch?v=ECdUV3mU9uk,,SuperSport,Inside the build-up to the 2022 Qatar World Cup Final between Argentina and France.
Lionel Messi and Argentina celebrate after advancing to 2022 World Cup Final,https://www.youtube.com/watch?v=Rme5ehScZVo,,FOX Soccer,Lionel Messi and Argentina celebrate after defeating Croatia 3-0 in the Semifinals and advancing to the World Cup Final.  #FOXSoccer #FIFAWorldCup #Argentina SUBSCRIBE to get the latest...
AFRICAN HOME: PRODIGAL SON (PART 2),https://www.youtube.com/watch?v=qhYVqlQmSoU,,SamSpedy,"In This Episode, Ojo Mismanaged His Inherence And Has To Pay For His Mistakes. Will He Go Back Home? Find Out! SECOND CHANNEL - https://www.youtube.com/channel/UCEuMxZxgHqrVXzwd5julx8Q Follow..."
Kendrick Lamar - Count Me Out,https://www.youtube.com/watch?v=5GhhVHpPR_M,,Kendrick Lamar,"Kendrick Lamar ‚ÄúCount Me Out‚Äù Directed by Dave Free & Kendrick Lamar Production Company: pgLang / project3 Executive Producers: Kendrick Lamar, Dave Free Producers: Jason Baum, Jamie..."
Argentina and Lionel Messi are crowned World Cup champions,https://www.youtube.com/watch?v=IGjE_zgs2Hw,,CTV News,Argentina hoist the World Cup trophy after defeating France for their first championship in 36 years. Subscribe to CTV News to watch more videos: https://www.youtube.com/ctvnews Connect with...
Makhadzi & Penny Penny - Milandu Bhe (Official Music Video),https://www.youtube.com/watch?v=FZkSvE0d6sE,,Openmic Productions,"Makhadzi teams up with the legendary Penny Penny, fondly known as Papa Penny. #MilanduBhe #makhadzi #pennypenny #papapenny"
FIFA World Cup Qatar 2022: Will Messi's Argentina win against Mbappe's France in the final match?,https://www.youtube.com/watch?v=B5B5mXcQwWg,,WION,FIFA World Cup Qatar 2022 is in its final leg now. Football giants Argentina and France are looking to lift the World Cup. Will Messi's Argentina win against Mbappe's France in the final match?...
AFRICAN HOME: THE PRODIGAL SON,https://www.youtube.com/watch?v=mZr4fOUpAPc,,SamSpedy,"In This Episode, Ojo Took His Inheritance From His Father, And Moved Out Of His Parents' Home. How Well Will He Survive Without His Parents? Find Out! SECOND CHANNEL - https://www.youtube.com/chan..."
WATCH LIVE: Argentina play France in the 2022 World Cup final,https://www.youtube.com/watch?v=7TJ8KkS26TA,,The Sun,LIVE: Argentina play France in the 2022 World Cup final France and Argentina fans start arriving at the Lusail Stadium in Qatar which will be the host stadium for the 2022 World Cup final....
Ronaldinho Goals That SHOCKED The World,https://www.youtube.com/watch?v=PbdeHoDJZIE,,iLance7i,Ronaldinho Goals That SHOCKED The World Watch in this video Ronaldinho Gaucho goals that shocked the world. üéß: Cinematic Documentary Orchestra by Infraction Cinematic Trailer Action by...
Celebrations as World Cup winners Argentina return home ‚Äì BBC News,https://www.youtube.com/watch?v=MdYLmLoQRVE,,BBC News,"World Cup winners Argentina have been greeted by jubilant crowds at Buenos Aires airport and a bank holiday has been declared in the country. After beating France in Sunday's final, the team..."
Watch again: Fanzone coverage after Argentina win Qatar 2022 World Cup against France,https://www.youtube.com/watch?v=WJ8WFbdCHWM,,The Independent,Argentina won against France at Qatar 2022 World Cup final. Watch more from Independent TV: https://www.independent.co.uk/tv/editors-picks Click here to subscribe to The Independent: https://bit...
HIGHLIGHTS! KDB & HAALAND MAGIC LIGHTS UP GIRONA FRIENDLY! Man City 2-0 Girona | Friendly,https://www.youtube.com/watch?v=Z9Zir-e0PUs,,Man City,City continued our preparation for the return of domestic football with a fine 2-0 friendly win over Girona at the Academy Stadium. Kevin De Bruyne gave supporters a great homecoming gift...
"John Cena will team with Kevin Owens to battle Roman Reigns and Sami Zayn!: SmackDown, Dec. 16, 2022",https://www.youtube.com/watch?v=D3KXAy9P0j8,,WWE,"Roman Reigns makes a match featuring himself and Sami Zayn taking on Kevin Owens, but his plan backfires when John Cena reveals he will be teaming with The Prizefighter. Catch WWE action on..."
"Oxlade, Camila Cabello - KU LO SA (Official Video)",https://www.youtube.com/watch?v=IcIkmPU9reU,,Oxlade,Listen to KU LO SA with Camila Cabello on streaming platforms: https://oxlade.lnk.to/kulosaremix Connect with Oxlade: ‚ñ∫Instagram: https://www.instagram.com/oxladeofficial ‚ñ∫Twitter: https://twi...
Phone Robbery Gone Wrong,https://www.youtube.com/shorts/poD2TXIez2E,,Ofentse Mwase Films,Phone Robery Goes Wrong. Gone WRONG Shorts Series. Website: https://www.omfilms.co.za üíª CREW Director: @Ofentse Mwase Producer: @Nelisiwe Mwase DOP: Bannz Version & Kgaogelo Hlahla...
Central Cee - Let Go [Music Video],https://www.youtube.com/watch?v=BqucGvLxrEk,,Central Cee,"üéµ Stream ""Let Go"" https://cench.lnk.to/LET-GO"
"100 Kids Vs 100 Adults For $500,000",https://www.youtube.com/watch?v=0CTp1a-aCUM,,MrBeast,The new Nerf Pro Gelfire x MrBeast blaster is available for preorder HERE: https://bit.ly/MrBeastxNerf Burst into battle with the Nerf Pro Gelfire Mythic blaster - Available NOW: https://go.hasb.r...
Hydraulic Press Vs Lamborghini,https://www.youtube.com/watch?v=h5NvTTOlOtI,,MrBeast,Hello Neighbor 2 is out now on PC & Consoles! It's time to find out what your creepy Neighbors are hiding. https://bit.ly/HelloNeighbor2xMrBeast New Merch - https://shopmrbeast.com/ SUBSCRIBE...
Zuma's grand entrance interrupts Ramaphosa's speech,https://www.youtube.com/watch?v=ntWkqhh3j_0,,TimesLIVE Video,President Cyril Ramaphosa struggled to make himself heard above former president Jacob Zuma‚Äôs supporters on Friday as the party‚Äôs 55th national elective conference finally got underway....
3 Most Expensive Things Lionel Messi Owns,https://www.youtube.com/shorts/wDQhiRe22OU,,KickFlix,Follow Our Social Media: Tik Tok: @thekickflix Instagram: https://www.instagram.com/thekickflix/ Twitter: https://www.twitter.com/thekickflix/ Snapchat: thekickflix #short #LionelMessi #fifa
‚ÄòLionel Messi is the BEST PLAYER EVER‚Äô Why Messi definitely eclipses Ronaldo and Maradona | ESPN FC,https://www.youtube.com/watch?v=vImm_Qv0NgE,,ESPN FC,The FC Daily team climb into the debate around the greatest players of all time after Lionel Messi guided Argentina to a thrilling World Cup final win vs. France. Ale Moreno lauds the legacy...
Completing The Orange,https://www.youtube.com/shorts/IEu3yE1tKRg,,Surfnboy Shorts,Subscribe With Notis! #Surfnboy
55th ANC National Conference Day 4 I Top 7 Results Announcement,https://www.youtube.com/watch?v=SqCW2oRSUTM,,SABC News,"Top 7 Results Announcement. For more news, visit sabcnews.com and also #SABCNews on all Social Media platforms."
"HIGHLIGHTS: Liverpool 4-1 AC Milan | Salah, Thiago & Darwin Nunez double",https://www.youtube.com/watch?v=ZJ55k-Z675w,,Liverpool FC,"Watch key highlights from Liverpool's Dubai Super Cup victory over Milan at the Al-Maktoum Stadium, including two superb assists from academy products Ben Doak and Bobby Clark. This video..."
Why Elon Musk ACTUALLY bought Twitter.,https://www.youtube.com/watch?v=cnNMo4u0L4M,,Mrwhosetheboss,"Twitter and Elon Musk Explained! If you have any more questions then drop them in the comments! I spend a LOT of time trying to make my videos as concise, polished and useful as possible for..."
Transformers: Rise of the Beasts | Official Teaser Trailer (2023 Movie),https://www.youtube.com/watch?v=WWWDskI46Js,,Paramount Pictures,"Power is PRIMAL. Watch the new teaser trailer for #Transformers: #RiseOfTheBeasts, in theatres June 9, 2023. Returning to the action and spectacle that have captured moviegoers around the..."
"THE KARATE KLOWN(YawaSkits, Episode 170)",https://www.youtube.com/watch?v=Wb7y_-iZlW0,,YAWA SKITS,#kalistus #comedy #yawaskits Please subscribe to YAWA SKITS TV https://www.youtube.com/channel/UCGHt9n_lS15uxRuinnl_ddA YAWA SKITS Channel: http://goo.gl/WCKAvd Enjoy! Order YawaSkits T-Shirts:...
"Lashley gets fired for attacking officials after controversial loss to Rollins: Raw, Dec. 12, 2022",https://www.youtube.com/watch?v=s8w_z-ZkIhE,,WWE,"Former United States Champions compete to earn a future title match against Austin Theory. Catch WWE action on Peacock, WWE Network, FOX, USA Network, Sony India and more. Stream WWE on Peacock..."
Pabi Cooper - Waga Bietjie (Official Video) [Ft. Mellow & Sleazy],https://www.youtube.com/watch?v=kEiRr2RMuhM,,Pabi Cooper,"Pabi Cooper presents the official video to Waga Bietjie, featuring Mellow & Sleazy. TO BE CONTINUED Pitori Super League (PSL) Available to stream / download: http://africori.to/cooperville.oyd..."
Marvel Studios‚Äô Guardians of the Galaxy Volume 3 | Official Trailer,https://www.youtube.com/watch?v=u3V5KDHRQvk,,Marvel Entertainment,"It‚Äôs time to face the music. Watch the brand-new trailer for Marvel Studios‚Äô Guardians of the Galaxy Volume 3 that just debuted at Brazil Comic Con. Only in theaters May 5, 2023. ‚ñ∫..."
THE GREATEST FINAL EVER?! | Argentina v France | FIFA World Cup Qatar 2022 Highlights,https://www.youtube.com/watch?v=zhEWqfP6V_w,,FIFA,Watch highlights of Argentina v France's Final at the FIFA World Cup Qatar 2022. Get all the highlights from Qatar 2022 on FIFA+ üëâ https://goto.fifa.com/nxRf/a3c6b7ad Follow FIFA World...
$1000 Every Time I Laugh,https://www.youtube.com/watch?v=IwWtlreKO4s,,JJ Olatunji,ùêåùêÖ & ùêÉùêÄùêôùêç: ùêó ùêíùêÑùêëùêàùêÑùêí ùüéùüé4 https://misfitsboxing.com/ Music at the end: https://youtu.be/SaYKp0MPCa8 Send Clips to #KSIReacts Follow KSI: Discord:...
Will Smith - ‚ÄúEmancipation‚Äù | The Daily Show,https://www.youtube.com/watch?v=4O1DgGnmIJM,,The Daily Show with Trevor Noah,‚ÄúI promised you I wouldn‚Äôt make a slave movie. This is a freedom movie.‚Äù Academy Award-winning actor Will Smith discusses playing one of the most famous unknown people from American history...
"Big Zulu (Ft. K.O , Siya Ntuli & Xowla) - Dear My Love [Official Music Video]",https://www.youtube.com/watch?v=dtNaZBh7WtU,,Inkabi Records,"#DearMyLove #KO #xowla #siyantuli #bigzulu Official Music Video For 'Dear My Love' by Big Zulu featuring K.O. , Xowla & Siya Ntuli, Produced by Xowla. Thanks for watching, please remember..."
WATCH LIVE | Ramaphosa vs Mkhize: ANC announces its top 7 party leaders,https://www.youtube.com/watch?v=8SMAbnS-2d0,,News24,The ANC's 4 426 voting delegates will elect new party leaders on Sunday. Join News24 live as the results are announced. Cyril Ramaphosa and Zweli Mkhize face off for the party presidency....
FULL REACTION to the World Cup Final: Argentina vs. France was DRAMA GALORE! üî• | ESPN FC,https://www.youtube.com/watch?v=nMH4WPn9tec,,ESPN FC,"The ESPN FC panel talk in-depth about Lionel Messi finally winning the World Cup, as Argentina win in dramatic fashion over France in a penalty shootout. #ESPNFC #WorldCup #Argentina #Messi..."
Argentina DEFEATS France on penalties to WIN 2022 FIFA WORLD CUP [FULL GAME RECAP] | CBS Sports HQ,https://www.youtube.com/watch?v=r2_p9T1Aa4M,,CBS Sports HQ,Jonathan Johnson joins CBS Sports HQ to recap the 2022 FIFA World Cup Final match where Argentina defeated France to become Champions. SUBSCRIBE TO OUR CHANNEL: https://www.youtube.com/user/CBSSp...
New AMG SL 55 v Porsche 911 GTS v BMW M850i v Jag F-Type R: DRAG RACE,https://www.youtube.com/watch?v=aZs9ZfOu2b8,,carwow,Thanks to SCC Private Members Club for helping to source the Jag: https://www.instagram.com/sccprivatemembers/ .................................................................... We‚Äôve...
"Argentina v. France, 2022 World Cup Final Watchalong with Pro Soccer Talk | NBC Sports",https://www.youtube.com/watch?v=peVjp6uO4JY,,NBC Sports,"Join Pro Soccer Talk's Joe Prince-Wright, Nick Mendola and Andy Edwards as Argentina and France battle to see who will be crowned 2022 FIFA World Cup champion. ¬ª Subscribe to NBC Sports:..."
